-- Seed data for SSO schema (20+ rows per table)

-- Users (25 rows)
INSERT INTO users (email, display_name, is_active) VALUES
('alice@example.com', 'Alice Smith', true),
('bob@example.com', 'Bob Jones', true),
('carol@example.com', 'Carol White', true),
('dave@example.com', 'Dave Brown', true),
('eve@example.com', 'Eve Davis', true),
('frank@example.com', 'Frank Miller', true),
('grace@example.com', 'Grace Wilson', true),
('henry@example.com', 'Henry Moore', true),
('iris@example.com', 'Iris Taylor', true),
('jack@example.com', 'Jack Anderson', true),
('kate@example.com', 'Kate Thomas', true),
('leo@example.com', 'Leo Jackson', true),
('mary@example.com', 'Mary Martin', true),
('nick@example.com', 'Nick Lee', true),
('olivia@example.com', 'Olivia Clark', true),
('paul@example.com', 'Paul Lewis', true),
('quinn@example.com', 'Quinn Walker', true),
('rose@example.com', 'Rose Hall', true),
('sam@example.com', 'Sam Young', true),
('tina@example.com', 'Tina King', true),
('uma@example.com', 'Uma Wright', true),
('victor@example.com', 'Victor Scott', true),
('wendy@example.com', 'Wendy Green', true),
('xavier@example.com', 'Xavier Adams', false),
('yara@example.com', 'Yara Nelson', true);

-- Permissions (24 rows)
INSERT INTO permissions (code, name, description) VALUES
('read_reports', 'Read Reports', 'View standard reports'),
('write_reports', 'Write Reports', 'Create and edit reports'),
('admin_users', 'Admin Users', 'Manage user accounts'),
('admin_roles', 'Admin Roles', 'Manage roles and permissions'),
('read_audit', 'Read Audit Log', 'View audit and login history'),
('export_data', 'Export Data', 'Export data to CSV/Excel'),
('manage_billing', 'Manage Billing', 'View and update billing'),
('support_tickets', 'Support Tickets', 'Create and view support tickets'),
('api_access', 'API Access', 'Use API keys and integrations'),
('read_schema', 'Read Schema', 'View database schema (read-only)'),
('run_queries', 'Run Queries', 'Execute read-only SQL queries'),
('sso_manage', 'SSO Manage', 'Configure SSO providers'),
('impersonate', 'Impersonate User', 'Impersonate other users (support)'),
('delete_users', 'Delete Users', 'Permanently delete user accounts'),
('manage_permissions', 'Manage Permissions', 'Grant/revoke permissions'),
('read_permissions', 'Read Permissions', 'View user permissions'),
('dashboard_admin', 'Dashboard Admin', 'Edit shared dashboards'),
('alerts_manage', 'Alerts Manage', 'Create and manage alerts'),
('webhooks', 'Webhooks', 'Configure webhooks'),
('oauth_clients', 'OAuth Clients', 'Manage OAuth client apps'),
('sessions_revoke', 'Sessions Revoke', 'Revoke user sessions'),
('mfa_enforce', 'MFA Enforce', 'Enforce MFA for users'),
('backup_restore', 'Backup Restore', 'Trigger backup/restore'),
('system_config', 'System Config', 'Change system configuration');

-- Users_permissions (25 rows: various user-permission links)
INSERT INTO users_permissions (user_id, permission_id, granted_by) VALUES
(1, 1, 1),   (1, 2, 1),   (1, 6, 1),
(2, 1, 1),   (2, 5, 1),
(3, 1, 1),   (3, 2, 1),   (3, 7, 1),
(4, 1, 1),   (4, 8, 1),
(5, 1, 1),   (5, 9, 1),
(6, 1, 1),   (6, 10, 1), (6, 11, 1),
(7, 1, 1),   (7, 3, 1),   (7, 4, 1),
(8, 1, 1),   (8, 5, 1),   (8, 6, 1),
(9, 1, 1),   (9, 12, 1),
(10, 1, 1),  (10, 13, 1),
(11, 1, 1),  (11, 14, 1), (11, 15, 1),
(12, 1, 1),  (12, 16, 1),
(13, 1, 1),  (13, 17, 1),
(14, 1, 1),  (14, 18, 1),
(15, 1, 1),  (15, 19, 1),
(16, 1, 1),  (16, 20, 1),
(17, 1, 1),  (17, 21, 1),
(18, 1, 1),  (18, 22, 1),
(19, 1, 1),  (19, 23, 1),
(20, 1, 1),  (20, 24, 1),
(21, 1, 1),  (21, 2, 1), (21, 3, 1),
(22, 1, 1),  (22, 5, 1), (22, 6, 1),
(23, 1, 1),  (23, 8, 1), (23, 9, 1),
(24, 1, 1),
(25, 1, 1),  (25, 2, 1), (25, 3, 1), (25, 4, 1);

-- Audit_login (25 rows: mix of success/failure)
INSERT INTO audit_login (user_id, email_used, ip_address, success, created_at) VALUES
(1, 'alice@example.com', '192.168.1.10', true, NOW() - INTERVAL '1 day'),
(2, 'bob@example.com', '192.168.1.11', true, NOW() - INTERVAL '2 days'),
(1, 'alice@example.com', '192.168.1.10', true, NOW() - INTERVAL '12 hours'),
(3, 'carol@example.com', '10.0.0.5', true, NOW() - INTERVAL '3 days'),
(4, 'dave@example.com', '10.0.0.6', false, NOW() - INTERVAL '1 day'),
(5, 'eve@example.com', '172.16.0.1', true, NOW() - INTERVAL '5 hours'),
(6, 'frank@example.com', '172.16.0.2', true, NOW() - INTERVAL '4 days'),
(7, 'grace@example.com', '192.168.2.20', true, NOW() - INTERVAL '6 days'),
(8, 'henry@example.com', '192.168.2.21', false, NOW() - INTERVAL '2 days'),
(9, 'iris@example.com', '10.0.0.10', true, NOW() - INTERVAL '1 hour'),
(10, 'jack@example.com', '10.0.0.11', true, NOW() - INTERVAL '7 days'),
(11, 'kate@example.com', '172.16.0.10', true, NOW() - INTERVAL '8 days'),
(12, 'leo@example.com', '192.168.1.50', true, NOW() - INTERVAL '9 days'),
(13, 'mary@example.com', '192.168.1.51', false, NOW() - INTERVAL '3 days'),
(14, 'nick@example.com', '10.0.0.20', true, NOW() - INTERVAL '10 days'),
(15, 'olivia@example.com', '10.0.0.21', true, NOW() - INTERVAL '11 days'),
(16, 'paul@example.com', '172.16.0.20', true, NOW() - INTERVAL '12 days'),
(17, 'quinn@example.com', '192.168.2.50', true, NOW() - INTERVAL '1 day'),
(18, 'rose@example.com', '192.168.2.51', true, NOW() - INTERVAL '2 hours'),
(19, 'sam@example.com', '10.0.0.30', false, NOW() - INTERVAL '4 days'),
(20, 'tina@example.com', '10.0.0.31', true, NOW() - INTERVAL '14 days'),
(21, 'uma@example.com', '172.16.0.30', true, NOW() - INTERVAL '15 days'),
(22, 'victor@example.com', '192.168.1.100', true, NOW() - INTERVAL '30 minutes'),
(23, 'wendy@example.com', '192.168.1.101', true, NOW() - INTERVAL '16 days'),
(24, 'xavier@example.com', '10.0.0.40', true, NOW() - INTERVAL '17 days'),
(25, 'yara@example.com', '172.16.0.40', true, NOW() - INTERVAL '18 days');
